{
  "lr": 0.001,
  "address_embedder": {
    "type": "dynamic-vocab",
    "embed_dim": 64,
    "max_vocab_size": 10000
  },
  "pc_embedder": {
    "type": "dynamic-vocab",
    "embed_dim": 64,
    "max_vocab_size": 5000
  },
  "cache_line_embedder": "address_embedder",
  "cache_pc_embedder": "none",
  "positional_embedder": {
    "type": "positional",
    "embed_dim": 128
  },

  "rnn_hidden_size": 128,
  "max_attention_history": 30,
  "sequence_length": 80,
  "loss": [
    "log_likelihood"
  ]
}
